{"cameraMode":{"drawMode":0,"name":"Shaded","section":"Shading Mode"},"sceneLighting":true,"audioPlay":false,"sceneViewState":{"showFog":true,"showMaterialUpdate":false,"showSkybox":true,"showFlares":true,"showImageEffects":true,"showParticleSystems":true},"in2DMode":false,"pivot":{"x":0.984633207321167,"y":2.2699999809265138,"z":-2.198430061340332},"rotation":{"x":-0.16153782606124879,"y":0.027230825275182725,"z":-0.004467731341719627,"w":-0.9864940047264099},"size":3.840735673904419,"orthographic":false}