{"cameraMode":{"drawMode":0,"name":"Shaded","section":"Shading Mode"},"sceneLighting":true,"audioPlay":false,"sceneViewState":{"showFog":true,"showMaterialUpdate":false,"showSkybox":true,"showFlares":true,"showImageEffects":true,"showParticleSystems":true},"in2DMode":false,"pivot":{"x":0.0326385498046875,"y":-1.4111576080322266,"z":1.8546886444091797},"rotation":{"x":-0.1195218563079834,"y":0.869340181350708,"z":-0.2564046382904053,"w":-0.40523895621299746},"size":10.486385345458985,"orthographic":false}